{"iter": 100, "train_loss": 0.0, "val_loss": 2.0631332397460938, "lr": 0.0003, "mfu": 0.16785558362746447, "_timestamp": 1720332770.251916, "_runtime": 936.0420699119568, "_step": 101}