{"iter": 548, "train_loss": 0.0, "val_loss": 6.899430751800537, "lr": 0.0003847525697462583, "mfu": 2.4468820281359984, "_timestamp": 1720282432.263903, "_runtime": 6558.8295838832855, "_step": 549}