{"iter": 133, "train_loss": 0.0, "val_loss": 2.0791525840759277, "lr": 0.000399, "mfu": 0.16089147281816849, "_timestamp": 1720432001.773373, "_runtime": 1168.3966119289398, "_step": 134}